<?xml version="1.0" encoding="UTF-8"?>
<project-private xmlns="http://www.netbeans.org/ns/project-private/1">
    <data xmlns="http://www.netbeans.org/ns/make-project-private/1">
        <activeConfTypeElem>1</activeConfTypeElem>
        <activeConfIndexElem>0</activeConfIndexElem>
    </data>
    <editor-bookmarks xmlns="http://www.netbeans.org/ns/editor-bookmarks/2" lastBookmarkId="1">
        <file>
            <url>GameBoard.h</url>
            <bookmark id="1">
                <name/>
                <line>0</line>
                <key/>
            </bookmark>
        </file>
    </editor-bookmarks>
    <open-files xmlns="http://www.netbeans.org/ns/projectui-open-files/2">
        <group>
            <file>file:/C:/Users/ezequ/Documents/NetBeansProjects/SORRY__v6/GameBoard.h</file>
            <file>file:/C:/Users/ezequ/Documents/NetBeansProjects/SORRY__v6/Space.h</file>
            <file>file:/C:/Users/ezequ/Documents/NetBeansProjects/SORRY__v6/Game.h</file>
            <file>file:/C:/Users/ezequ/Documents/NetBeansProjects/SORRY__v6/Deck.h</file>
        </group>
    </open-files>
</project-private>
